Model,RMSE,MAE,R2
Linear Regression,1.016645849784215,0.6265612427022327,0.45915688516665865
Random Forest,0.4531804226200556,0.2998252050127448,0.8925332286828391
XGBoost,0.5053845634252133,0.3677021791654474,0.866347875569875
