Model,RMSE,MAE,R2
Linear Regression,0.6043241558154118,0.37959211995429665,0.8189888872828498
Random Forest,0.4356107700657413,0.31499676446764857,0.9059491884265428
XGBoost,0.4743835379897237,0.35267026802371537,0.8884615642432687
