Model,RMSE,MAE,R2
Linear Regression,0.5547802245953459,0.44934010288796045,0.8389451286556153
Random Forest,0.5064964615388661,0.34129225031568616,0.8657591317428498
XGBoost,0.5534556959273589,0.3917542297699872,0.8397132423468747
