Model,RMSE,MAE,R2
Linear Regression,0.9628220693468168,0.5993125463303295,0.5149081323146534
Random Forest,0.46201321337192114,0.3103327403926467,0.8883032044554227
XGBoost,0.5003079564194347,0.3373408858215107,0.8690194709627166
